name,type,variable,value,year,crime_type
"New York, New York",place,rate,10.66497305,2008,Forcible rape
"New York, New York",place,rate,161.2613617,2007,Motor vehicle theft
"New York, New York",place,rate,1339.450609,2009,Larceny
"New York, New York",place,rate,551.8094653,2009,Violent crime
"New York, New York",place,rate,6.271405739,2011,Murder and nonnegligent manslaughter
"New York, New York",place,rate,371.2559615,2014,Aggravated assault
"New York, New York",place,rate,4864.628532,2007,All Crimes
"New York, New York",place,rate,91.15006506,2014,Motor vehicle theft
"New York, New York",place,rate,223.5472908,2009,Burglary
"New York, New York",place,rate,639.2851607,2012,Violent crime
"New York, New York",place,rate,221.3689546,2009,Robbery
"New York, New York",place,rate,4722.962959,2012,All Crimes
"New York, New York",place,rate,195.6705371,2014,Robbery
"New York, New York",place,rate,265.8574069,2008,Robbery
"New York, New York",place,rate,1601.935251,2014,Property crime
"New York, New York",place,rate,1879.191442,2006,Property crime
"New York, New York",place,rate,5.606537485,2009,Murder and nonnegligent manslaughter
"New York, New York",place,rate,235.2206729,2010,Robbery
"New York, New York",place,rate,14.01787702,2012,Forcible rape
"New York, New York",place,rate,1818.545446,2007,Property crime
"New York, New York",place,rate,25.84394646,2014,Rape (revised definition)
"New York, New York",place,rate,297.5527482,2008,Aggravated assault
"New York, New York",place,rate,224.8047661,2012,Burglary
"New York, New York",place,rate,6.429940876,2010,Murder and nonnegligent manslaughter
"New York, New York",place,rate,623.5969252,2011,Violent crime
"New York, New York",place,rate,88.54083419,2013,Motor vehicle theft
"New York, New York",place,rate,1797.335554,2008,Property crime
"New York, New York",place,rate,4668.020397,2011,All Crimes
"New York, New York",place,rate,187.8229461,2014,Burglary
"New York, New York",place,rate,287.9485257,2006,Robbery
"New York, New York",place,rate,221.1309841,2011,Burglary
"New York, New York",place,rate,1398.590854,2012,Larceny
"New York, New York",place,rate,123.788358,2010,Motor vehicle theft
"New York, New York",place,rate,376.5163163,2012,Aggravated assault
"New York, New York",place,rate,98.80069945,2012,Motor vehicle theft
"New York, New York",place,rate,265.0423421,2007,Robbery
"New York, New York",place,rate,613.7688201,2007,Violent crime
"New York, New York",place,rate,596.7001411,2014,Violent crime
"New York, New York",place,rate,327.6030884,2010,Aggravated assault
"New York, New York",place,rate,215.0431346,2010,Burglary
"New York, New York",place,rate,1722.196319,2012,Property crime
"New York, New York",place,rate,581.6817222,2010,Violent crime
"New York, New York",place,rate,329.5529296,2006,Aggravated assault
"New York, New York",place,rate,1404.588259,2013,Larceny
"New York, New York",place,rate,1336.012155,2010,Larceny
"New York, New York",place,rate,5034.218612,2006,All Crimes
"New York, New York",place,rate,10.64451505,2007,Forcible rape
"New York, New York",place,rate,4484.206289,2009,All Crimes
"New York, New York",place,rate,1710.413273,2011,Property crime
"New York, New York",place,rate,271.1206037,2006,Burglary
"New York, New York",place,rate,228.3195845,2013,Robbery
"New York, New York",place,rate,314.9302807,2009,Aggravated assault
"New York, New York",place,rate,1674.843648,2010,Property crime
"New York, New York",place,rate,149.0699604,2008,Motor vehicle theft
"New York, New York",place,rate,195.1745015,2006,Motor vehicle theft
"New York, New York",place,rate,637.9178643,2006,Violent crime
"New York, New York",place,rate,1374.399878,2011,Larceny
"New York, New York",place,rate,238.0685614,2008,Burglary
"New York, New York",place,rate,1690.293679,2009,Property crime
"New York, New York",place,rate,1402.861927,2007,Larceny
"New York, New York",place,rate,9.903692542,2009,Forcible rape
"New York, New York",place,rate,580.3422977,2008,Violent crime
"New York, New York",place,rate,4513.050741,2010,All Crimes
"New York, New York",place,rate,240.7854479,2011,Robbery
"New York, New York",place,rate,12.42802005,2010,Forcible rape
"New York, New York",place,rate,197.7816912,2013,Burglary
"New York, New York",place,rate,1322.96224,2014,Larceny
"New York, New York",place,rate,1412.896336,2006,Larceny
"New York, New York",place,rate,13.29781566,2011,Forcible rape
"New York, New York",place,rate,6.267169558,2008,Murder and nonnegligent manslaughter
"New York, New York",place,rate,363.2422559,2011,Aggravated assault
"New York, New York",place,rate,5.054638958,2012,Murder and nonnegligent manslaughter
"New York, New York",place,rate,127.2957789,2009,Motor vehicle theft
"New York, New York",place,rate,1690.910784,2013,Property crime
"New York, New York",place,rate,13.11696104,2006,Forcible rape
"New York, New York",place,rate,243.6963284,2012,Robbery
"New York, New York",place,rate,13.24420334,2013,Rape (revised definition)
"New York, New York",place,rate,4755.355704,2008,All Crimes
"New York, New York",place,rate,7.299447973,2006,Murder and nonnegligent manslaughter
"New York, New York",place,rate,623.9067875,2013,Violent crime
"New York, New York",place,rate,332.0480436,2007,Aggravated assault
"New York, New York",place,rate,4397.270785,2014,All Crimes
"New York, New York",place,rate,254.4221573,2007,Burglary
"New York, New York",place,rate,1410.197032,2008,Larceny
"New York, New York",place,rate,4629.635144,2013,All Crimes
"New York, New York",place,rate,378.3530643,2013,Aggravated assault
"New York, New York",place,rate,114.8824111,2011,Motor vehicle theft
"New York, New York",place,rate,360.3746832,2016,Aggravated assault
"New York, New York",place,rate,26.24297132,2015,Rape (revised definition)
"New York, New York",place,rate,26.24297132,2015,Rape (revised definition)
"New York, New York",place,rate,198.1788734,2015,Robbery
"New York, New York",place,rate,198.1788734,2015,Robbery
"New York, New York",place,rate,164.872286,2015,Burglary
"New York, New York",place,rate,164.872286,2015,Burglary
"New York, New York",place,rate,585.7655738,2015,Violent crime
"New York, New York",place,rate,585.7655738,2015,Violent crime
"New York, New York",place,rate,86.37726657,2015,Motor vehicle theft
"New York, New York",place,rate,86.37726657,2015,Motor vehicle theft
"New York, New York",place,rate,357.2271845,2015,Aggravated assault
"New York, New York",place,rate,357.2271845,2015,Aggravated assault
"New York, New York",place,rate,74.34413103,2016,Motor vehicle theft
"New York, New York",place,rate,4208.886099,2015,All Crimes
"New York, New York",place,rate,4208.886099,2015,All Crimes
"New York, New York",place,rate,140.552313,2016,Burglary
"New York, New York",place,rate,1518.677476,2015,Property crime
"New York, New York",place,rate,1518.677476,2015,Property crime
"New York, New York",place,rate,573.4151504,2016,Violent crime
"New York, New York",place,rate,1247.449929,2016,Larceny
"New York, New York",place,rate,4.116544521,2015,Murder and nonnegligent manslaughter
"New York, New York",place,rate,4.116544521,2015,Murder and nonnegligent manslaughter
"New York, New York",place,rate,1462.346373,2016,Property crime
"New York, New York",place,rate,27.68790686,2016,Rape (revised definition)
"New York, New York",place,rate,1267.427923,2015,Larceny
"New York, New York",place,rate,1267.427923,2015,Larceny
"New York, New York",place,rate,4071.523046,2016,All Crimes
"New York, New York",place,rate,181.4421688,2016,Robbery
"New York, New York",place,rate,3.910391568,2016,Murder and nonnegligent manslaughter
"New York, New York",place,rate,6.033919386,2007,Murder and nonnegligent manslaughter
"New York, New York",place,rate,3.989935358,2013,Murder and nonnegligent manslaughter
"New York, New York",place,rate,3.929695969,2014,Murder and nonnegligent manslaughter
"Portland, Oregon",place,rate,5234.767863,2014,Property Crime
"Portland, Oregon",place,rate,599.4612373,2012,Motor Vehicle Theft
"Portland, Oregon",place,rate,546,2011,Motor Vehicle Theft
"Portland, Oregon",place,rate,43,2011,Forcible Rape
"Portland, Oregon",place,rate,312,2011,Aggravated Assault
"Portland, Oregon",place,rate,75,2006,Arson
"Portland, Oregon",place,rate,687,2007,Violent Crime
"Portland, Oregon",place,rate,482,2013,Violent Crime
"Portland, Oregon",place,rate,4084,2007,Larceny
"Portland, Oregon",place,rate,5030,2010,Property Crime
"Portland, Oregon",place,rate,566,2009,Motor Vehicle Theft
"Portland, Oregon",place,rate,316,2012,Aggravated Assault
"Portland, Oregon",place,rate,540,2010,Violent Crime
"Portland, Oregon",place,rate,417,2006,Aggravated Assault
"Portland, Oregon",place,rate,3498,2009,Larceny
"Portland, Oregon",place,rate,886,2007,Motor Vehicle Theft
"Portland, Oregon",place,rate,677,2013,Burglary
"Portland, Oregon",place,rate,11179,2010,All Crimes
"Portland, Oregon",place,rate,47,2009,Arson
"Portland, Oregon",place,rate,368,2008,Aggravated Assault
"Portland, Oregon",place,rate,54,2006,Forcible Rape
"Portland, Oregon",place,rate,3725,2010,Larceny
"Portland, Oregon",place,rate,38,2013,Rape (Legacy Definition)
"Portland, Oregon",place,rate,37,2010,Arson
"Portland, Oregon",place,rate,3812,2011,Larceny
"Portland, Oregon",place,rate,11258,2011,All Crimes
"Portland, Oregon",place,rate,603,2008,Motor Vehicle Theft
"Portland, Oregon",place,rate,392,2007,Aggravated Assault
"Portland, Oregon",place,rate,13176,2007,All Crimes
"Portland, Oregon",place,rate,3647,2013,Larceny
"Portland, Oregon",place,rate,137,2014,Robbery
"Portland, Oregon",place,rate,539,2013,Motor Vehicle Theft
"Portland, Oregon",place,rate,729,2010,Burglary
"Portland, Oregon",place,rate,899,2007,Burglary
"Portland, Oregon",place,rate,5901,2006,Property Crime
"Portland, Oregon",place,rate,11261,2012,All Crimes
"Portland, Oregon",place,rate,5869,2007,Property Crime
"Portland, Oregon",place,rate,3745,2012,Larceny
"Portland, Oregon",place,rate,239,2006,Robbery
"Portland, Oregon",place,rate,11876,2008,All Crimes
"Portland, Oregon",place,rate,204,2008,Robbery
"Portland, Oregon",place,rate,3,2006,Murder And Nonnegligent Manslaughter
"Portland, Oregon",place,rate,26,2014,Arson
"Portland, Oregon",place,rate,1011,2006,Burglary
"Portland, Oregon",place,rate,548,2014,Motor Vehicle Theft
"Portland, Oregon",place,rate,5092,2012,Property Crime
"Portland, Oregon",place,rate,44,2009,Forcible Rape
"Portland, Oregon",place,rate,239,2007,Robbery
"Portland, Oregon",place,rate,42,2012,Arson
"Portland, Oregon",place,rate,184,2009,Robbery
"Portland, Oregon",place,rate,673,2014,Burglary
"Portland, Oregon",place,rate,4723,2009,Property Crime
"Portland, Oregon",place,rate,54,2008,Arson
"Portland, Oregon",place,rate,11442,2014,All Crimes
"Portland, Oregon",place,rate,320,2009,Aggravated Assault
"Portland, Oregon",place,rate,42,2014,Rape (Legacy Definition)
"Portland, Oregon",place,rate,40,2010,Forcible Rape
"Portland, Oregon",place,rate,574,2010,Motor Vehicle Theft
"Portland, Oregon",place,rate,158,2012,Robbery
"Portland, Oregon",place,rate,729,2011,Burglary
"Portland, Oregon",place,rate,4,2014,Murder And Nonnegligent Manslaughter
"Portland, Oregon",place,rate,714,2006,Violent Crime
"Portland, Oregon",place,rate,4,2008,Murder And Nonnegligent Manslaughter
"Portland, Oregon",place,rate,13306,2006,All Crimes
"Portland, Oregon",place,rate,10602,2009,All Crimes
"Portland, Oregon",place,rate,291,2013,Aggravated Assault
"Portland, Oregon",place,rate,4063,2006,Larceny
"Portland, Oregon",place,rate,553,2009,Violent Crime
"Portland, Oregon",place,rate,52,2007,Forcible Rape
"Portland, Oregon",place,rate,778,2008,Burglary
"Portland, Oregon",place,rate,150,2013,Robbery
"Portland, Oregon",place,rate,288,2014,Aggravated Assault
"Portland, Oregon",place,rate,52,2011,Arson
"Portland, Oregon",place,rate,155,2011,Robbery
"Portland, Oregon",place,rate,4,2007,Murder And Nonnegligent Manslaughter
"Portland, Oregon",place,rate,514,2011,Violent Crime
"Portland, Oregon",place,rate,747,2012,Burglary
"Portland, Oregon",place,rate,45,2008,Forcible Rape
"Portland, Oregon",place,rate,517,2012,Violent Crime
"Portland, Oregon",place,rate,472,2014,Violent Crime
"Portland, Oregon",place,rate,3905,2008,Larceny
"Portland, Oregon",place,rate,27,2013,Arson
"Portland, Oregon",place,rate,5287,2008,Property Crime
"Portland, Oregon",place,rate,658,2009,Burglary
"Portland, Oregon",place,rate,38,2012,Forcible Rape
"Portland, Oregon",place,rate,4013,2014,Larceny
"Portland, Oregon",place,rate,5088,2011,Property Crime
"Portland, Oregon",place,rate,825,2006,Motor Vehicle Theft
"Portland, Oregon",place,rate,4864,2013,Property Crime
"Portland, Oregon",place,rate,61,2007,Arson
"Portland, Oregon",place,rate,178,2010,Robbery
"Portland, Oregon",place,rate,10722,2013,All Crimes
"Portland, Oregon",place,rate,317,2010,Aggravated Assault
"Portland, Oregon",place,rate,622,2008,Violent Crime
"Portland, Oregon",place,rate,153,2016,Robbery
"Portland, Oregon",place,rate,5152,2016,Property Crime
"Portland, Oregon",place,rate,60,2016,Rape (Revised Definition)
"Portland, Oregon",place,rate,276,2016,Aggravated Assault
"Portland, Oregon",place,rate,36,2016,Arson
"Portland, Oregon",place,rate,3752,2016,Larceny
"Portland, Oregon",place,rate,766,2016,Motor Vehicle Theft
"Portland, Oregon",place,rate,11327,2016,All Crimes
"Portland, Oregon",place,rate,632,2016,Burglary
"Portland, Oregon",place,rate,492,2016,Violent Crime
"Portland, Oregon",place,rate,3,2010,Murder And Nonnegligent Manslaughter
"Portland, Oregon",place,rate,3,2011,Murder And Nonnegligent Manslaughter
"Portland, Oregon",place,rate,3,2009,Murder And Nonnegligent Manslaughter
"Portland, Oregon",place,rate,2,2013,Murder And Nonnegligent Manslaughter
"Portland, Oregon",place,rate,2,2016,Murder And Nonnegligent Manslaughter
"Portland, Oregon",place,rate,3,2012,Murder And Nonnegligent Manslaughter
"Portland, Oregon",place,rate,67,2017,Rape (Revised Definition)
"Portland, Oregon",place,rate,1123,2017,Motor Vehicle Theft
"Portland, Oregon",place,rate,5677,2017,Property Crime
"Portland, Oregon",place,rate,3,2017,Murder And Nonnegligent Manslaughter
"Portland, Oregon",place,rate,112432,2017,All Crimes
"Portland, Oregon",place,rate,47,2017,Arson
"Portland, Oregon",place,rate,283,2017,Aggravated Assault
"Portland, Oregon",place,rate,160,2017,Robbery
"Portland, Oregon",place,rate,515,2017,Violent Crime
"Portland, Oregon",place,rate,3824,2017,Larceny
"Portland, Oregon",place,rate,729,2017,Burglary
"Portland, Oregon",place,rate,520,2018,Violent Crime
"Portland, Oregon",place,rate,1054,2018,Motor Vehicle Theft
"Portland, Oregon",place,rate,3,2018,Murder And Nonnegligent Manslaughter
"Portland, Oregon",place,rate,66,2018,Rape (Revised Definition)
"Portland, Oregon",place,rate,160,2018,Robbery
"Portland, Oregon",place,rate,3728,2018,Larceny
"Portland, Oregon",place,rate,676,2018,Burglary
"Portland, Oregon",place,rate,5459,2018,Property Crime
"Portland, Oregon",place,rate,288,2018,Aggravated Assault
"Portland, Oregon",place,rate,111959,2018,All Crimes
"Riverside, California",place,rate,2042.004534,2011,Larceny
"Riverside, California",place,rate,30.40305768,2007,Forcible rape
"Riverside, California",place,rate,7069.584571,2014,All Crimes
"Riverside, California",place,rate,2184.417694,2013,Larceny
"Riverside, California",place,rate,44.76401849,2014,Rape (revised definition)
"Riverside, California",place,rate,810.3915982,2006,Burglary
"Riverside, California",place,rate,8752.405517,2007,All Crimes
"Riverside, California",place,rate,8713.558507,2008,All Crimes
"Riverside, California",place,rate,278.1023444,2006,Robbery
"Riverside, California",place,rate,236.0763914,2013,Aggravated assault
"Riverside, California",place,rate,166.3028103,2010,Robbery
"Riverside, California",place,rate,414.0604925,2011,Motor vehicle theft
"Riverside, California",place,rate,470.7653445,2012,Motor vehicle theft
"Riverside, California",place,rate,7133.354801,2011,All Crimes
"Riverside, California",place,rate,7569.29806,2013,All Crimes
"Riverside, California",place,rate,27.5470883,2014,Arson
"Riverside, California",place,rate,443.0169807,2012,Violent crime
"Riverside, California",place,rate,744.0396643,2007,Burglary
"Riverside, California",place,rate,632.4504196,2007,Violent crime
"Riverside, California",place,rate,3198.041825,2009,Property crime
"Riverside, California",place,rate,164.8954493,2012,Robbery
"Riverside, California",place,rate,36.40809128,2008,Forcible rape
"Riverside, California",place,rate,9802.936815,2006,All Crimes
"Riverside, California",place,rate,420.3234278,2013,Violent crime
"Riverside, California",place,rate,426.0952437,2011,Violent crime
"Riverside, California",place,rate,229.192281,2007,Robbery
"Riverside, California",place,rate,377.8638733,2006,Aggravated assault
"Riverside, California",place,rate,25.83987888,2010,Forcible rape
"Riverside, California",place,rate,3300.547607,2010,Property crime
"Riverside, California",place,rate,16.23274443,2010,Arson
"Riverside, California",place,rate,18.54002205,2011,Forcible rape
"Riverside, California",place,rate,26.34466154,2009,Arson
"Riverside, California",place,rate,2080.561308,2009,Larceny
"Riverside, California",place,rate,3450.365513,2012,Property crime
"Riverside, California",place,rate,20.73153617,2012,Arson
"Riverside, California",place,rate,138.0484766,2014,Robbery
"Riverside, California",place,rate,3352.474378,2013,Property crime
"Riverside, California",place,rate,356.7324907,2008,Aggravated assault
"Riverside, California",place,rate,251.7749299,2009,Aggravated assault
"Riverside, California",place,rate,222.4289778,2009,Robbery
"Riverside, California",place,rate,2365.758807,2007,Larceny
"Riverside, California",place,rate,616.7477415,2007,Motor vehicle theft
"Riverside, California",place,rate,2262.92691,2012,Larceny
"Riverside, California",place,rate,28.35687295,2006,Forcible rape
"Riverside, California",place,rate,2552.460215,2006,Larceny
"Riverside, California",place,rate,625.1125866,2013,Burglary
"Riverside, California",place,rate,443.8575254,2009,Motor vehicle theft
"Riverside, California",place,rate,828.1573499,2006,Motor vehicle theft
"Riverside, California",place,rate,4.009194419,2007,Murder and nonnegligent manslaughter
"Riverside, California",place,rate,641.9848756,2008,Violent crime
"Riverside, California",place,rate,433.2405706,2014,Violent crime
"Riverside, California",place,rate,484.0008083,2010,Motor vehicle theft
"Riverside, California",place,rate,7446.201867,2009,All Crimes
"Riverside, California",place,rate,7807.496523,2012,All Crimes
"Riverside, California",place,rate,44.7560284,2006,Arson
"Riverside, California",place,rate,511.886778,2009,Violent crime
"Riverside, California",place,rate,3132.6132,2011,Property crime
"Riverside, California",place,rate,479.6941618,2010,Violent crime
"Riverside, California",place,rate,24.23994999,2012,Forcible rape
"Riverside, California",place,rate,481.7610102,2014,Motor vehicle theft
"Riverside, California",place,rate,3.758139789,2006,Murder and nonnegligent manslaughter
"Riverside, California",place,rate,673.6229912,2009,Burglary
"Riverside, California",place,rate,688.0812305,2006,Violent crime
"Riverside, California",place,rate,242.4979291,2008,Robbery
"Riverside, California",place,rate,737.5143628,2008,Burglary
"Riverside, California",place,rate,284.5699482,2010,Aggravated assault
"Riverside, California",place,rate,7576.716281,2010,All Crimes
"Riverside, California",place,rate,15.93791369,2011,Arson
"Riverside, California",place,rate,685.0880709,2010,Burglary
"Riverside, California",place,rate,41.75239826,2008,Arson
"Riverside, California",place,rate,24.65054689,2013,Rape (legacy definition)
"Riverside, California",place,rate,368.8458866,2007,Aggravated assault
"Riverside, California",place,rate,541.4451006,2008,Motor vehicle theft
"Riverside, California",place,rate,2131.458727,2010,Larceny
"Riverside, California",place,rate,3693.918179,2008,Property crime
"Riverside, California",place,rate,4191.009163,2006,Property crime
"Riverside, California",place,rate,2414.958715,2008,Larceny
"Riverside, California",place,rate,34.4122521,2007,Arson
"Riverside, California",place,rate,6.346364535,2008,Murder and nonnegligent manslaughter
"Riverside, California",place,rate,32.68071938,2009,Forcible rape
"Riverside, California",place,rate,5.002150925,2009,Murder and nonnegligent manslaughter
"Riverside, California",place,rate,2126.760431,2014,Larceny
"Riverside, California",place,rate,248.7784341,2012,Aggravated assault
"Riverside, California",place,rate,156.436163,2013,Robbery
"Riverside, California",place,rate,3726.546213,2007,Property crime
"Riverside, California",place,rate,23.70244894,2013,Arson
"Riverside, California",place,rate,148.9707035,2011,Robbery
"Riverside, California",place,rate,716.6732582,2012,Burglary
"Riverside, California",place,rate,254.356092,2011,Aggravated assault
"Riverside, California",place,rate,676.5481732,2011,Burglary
"Riverside, California",place,rate,3087.778171,2014,Property crime
"Riverside, California",place,rate,479.2567295,2014,Burglary
"Riverside, California",place,rate,4.228426082,2011,Murder and nonnegligent manslaughter
"Riverside, California",place,rate,246.6716544,2014,Aggravated assault
"Riverside, California",place,rate,542.944097,2013,Motor vehicle theft
"Riverside, California",place,rate,7433.511626,2015,All Crimes
"Riverside, California",place,rate,7433.511626,2015,All Crimes
"Riverside, California",place,rate,2211.326548,2015,Larceny
"Riverside, California",place,rate,2211.326548,2015,Larceny
"Riverside, California",place,rate,606.6352456,2016,Burglary
"Riverside, California",place,rate,2256.854948,2016,Larceny
"Riverside, California",place,rate,160.9588193,2015,Robbery
"Riverside, California",place,rate,160.9588193,2015,Robbery
"Riverside, California",place,rate,542.926479,2015,Motor vehicle theft
"Riverside, California",place,rate,542.926479,2015,Motor vehicle theft
"Riverside, California",place,rate,43.26533618,2016,Rape (revised definition)
"Riverside, California",place,rate,239.5810118,2015,Aggravated assault
"Riverside, California",place,rate,239.5810118,2015,Aggravated assault
"Riverside, California",place,rate,529.0031176,2016,Violent crime
"Riverside, California",place,rate,21.97706956,2015,Arson
"Riverside, California",place,rate,21.97706956,2015,Arson
"Riverside, California",place,rate,302.8573533,2016,Aggravated assault
"Riverside, California",place,rate,3259.725627,2015,Property crime
"Riverside, California",place,rate,3259.725627,2015,Property crime
"Riverside, California",place,rate,179.8119646,2016,Robbery
"Riverside, California",place,rate,593.4408523,2016,Motor vehicle theft
"Riverside, California",place,rate,17.49024229,2016,Arson
"Riverside, California",place,rate,3456.931045,2016,Property crime
"Riverside, California",place,rate,7989.358568,2016,All Crimes
"Riverside, California",place,rate,42.40645816,2015,Rape (revised definition)
"Riverside, California",place,rate,42.40645816,2015,Rape (revised definition)
"Riverside, California",place,rate,3.068463559,2016,Murder and nonnegligent manslaughter
"Riverside, California",place,rate,505.4725999,2015,Burglary
"Riverside, California",place,rate,505.4725999,2015,Burglary
"Riverside, California",place,rate,446.0416512,2015,Violent crime
"Riverside, California",place,rate,446.0416512,2015,Violent crime
"Riverside, California",place,rate,2.981524487,2010,Murder and nonnegligent manslaughter
"Riverside, California",place,rate,3.160326525,2013,Murder and nonnegligent manslaughter
"Riverside, California",place,rate,3.756421132,2014,Murder and nonnegligent manslaughter
"Riverside, California",place,rate,3.09536191,2015,Murder and nonnegligent manslaughter
"Riverside, California",place,rate,3.09536191,2015,Murder and nonnegligent manslaughter
"Riverside, California",place,rate,5.103147366,2012,Murder and nonnegligent manslaughter
"Riverside, California",place,rate,50.60620749,2017,Rape (revised definition)
"Riverside, California",place,rate,508.805785,2017,Violent crime
"Riverside, California",place,rate,107156.5104,2017,All Crimes
"Riverside, California",place,rate,288.699268,2017,Aggravated assault
"Riverside, California",place,rate,527.4020419,2017,Motor vehicle theft
"Riverside, California",place,rate,22.25453703,2017,Arson
"Riverside, California",place,rate,3058.32213,2017,Property crime
"Riverside, California",place,rate,3.65828006,2017,Murder and nonnegligent manslaughter
"Riverside, California",place,rate,510.0252116,2017,Burglary
"Riverside, California",place,rate,2020.894876,2017,Larceny
"Riverside, California",place,rate,165.8420294,2017,Robbery
"Riverside, California",place,rate,509.331706,2018,Violent crime
"Riverside, California",place,rate,4.229326148,2018,Murder and nonnegligent manslaughter
"Riverside, California",place,rate,557.3647673,2018,Motor vehicle theft
"Riverside, California",place,rate,45.31420872,2018,Rape (revised definition)
"Riverside, California",place,rate,164.0374356,2018,Robbery
"Riverside, California",place,rate,2087.776643,2018,Larceny
"Riverside, California",place,rate,22.05291491,2018,Arson
"Riverside, California",place,rate,444.0792455,2018,Burglary
"Riverside, California",place,rate,3089.220656,2018,Property crime
"Riverside, California",place,rate,295.7507356,2018,Aggravated assault
"Riverside, California",place,rate,107219.1576,2018,All Crimes
"Colorado Springs, Colorado",place,rate,4797.150796,2006,Property crime
"Colorado Springs, Colorado",place,rate,416.8526928,2012,Motor vehicle theft
"Colorado Springs, Colorado",place,rate,88.52995352,2008,Forcible rape
"Colorado Springs, Colorado",place,rate,442.0923258,2013,Motor vehicle theft
"Colorado Springs, Colorado",place,rate,434.0667908,2013,Violent crime
"Colorado Springs, Colorado",place,rate,85.65182533,2009,Forcible rape
"Colorado Springs, Colorado",place,rate,9209.159656,2012,All Crimes
"Colorado Springs, Colorado",place,rate,9450.445605,2010,All Crimes
"Colorado Springs, Colorado",place,rate,8336.860661,2009,All Crimes
"Colorado Springs, Colorado",place,rate,66.61235062,2006,Forcible rape
"Colorado Springs, Colorado",place,rate,130.7186288,2009,Robbery
"Colorado Springs, Colorado",place,rate,105.9762085,2011,Robbery
"Colorado Springs, Colorado",place,rate,888.2531375,2006,Burglary
"Colorado Springs, Colorado",place,rate,92.59488166,2014,Rape (revised definition)
"Colorado Springs, Colorado",place,rate,14.21666193,2013,Arson
"Colorado Springs, Colorado",place,rate,252.7851208,2011,Aggravated assault
"Colorado Springs, Colorado",place,rate,76.18039518,2007,Forcible rape
"Colorado Springs, Colorado",place,rate,269.9028449,2009,Aggravated assault
"Colorado Springs, Colorado",place,rate,80.1737181,2010,Forcible rape
"Colorado Springs, Colorado",place,rate,4.163900372,2012,Murder and nonnegligent manslaughter
"Colorado Springs, Colorado",place,rate,3744.807402,2011,Property crime
"Colorado Springs, Colorado",place,rate,21.12601669,2014,Arson
"Colorado Springs, Colorado",place,rate,30.51960287,2006,Arson
"Colorado Springs, Colorado",place,rate,3.734817965,2009,Murder and nonnegligent manslaughter
"Colorado Springs, Colorado",place,rate,84.84136957,2013,Rape (revised definition)
"Colorado Springs, Colorado",place,rate,4167.545654,2013,Property crime
"Colorado Springs, Colorado",place,rate,336.2464073,2006,Aggravated assault
"Colorado Springs, Colorado",place,rate,3029.510965,2010,Larceny
"Colorado Springs, Colorado",place,rate,491.8494242,2010,Violent crime
"Colorado Springs, Colorado",place,rate,2881.419057,2012,Larceny
"Colorado Springs, Colorado",place,rate,440.19071,2011,Violent crime
"Colorado Springs, Colorado",place,rate,458.2547663,2014,Violent crime
"Colorado Springs, Colorado",place,rate,530.5897699,2007,Violent crime
"Colorado Springs, Colorado",place,rate,323.7108116,2010,Motor vehicle theft
"Colorado Springs, Colorado",place,rate,162.4173649,2006,Robbery
"Colorado Springs, Colorado",place,rate,4220.806965,2010,Property crime
"Colorado Springs, Colorado",place,rate,3049.922966,2008,Larceny
"Colorado Springs, Colorado",place,rate,141.1342058,2007,Robbery
"Colorado Springs, Colorado",place,rate,867.5851877,2010,Burglary
"Colorado Springs, Colorado",place,rate,849.7455308,2007,Burglary
"Colorado Springs, Colorado",place,rate,17.58091268,2012,Arson
"Colorado Springs, Colorado",place,rate,25.13282699,2010,Arson
"Colorado Springs, Colorado",place,rate,29.13565991,2007,Arson
"Colorado Springs, Colorado",place,rate,264.1761241,2009,Motor vehicle theft
"Colorado Springs, Colorado",place,rate,8272.858238,2014,All Crimes
"Colorado Springs, Colorado",place,rate,25.1477743,2009,Arson
"Colorado Springs, Colorado",place,rate,2578.767311,2009,Larceny
"Colorado Springs, Colorado",place,rate,9940.071422,2007,All Crimes
"Colorado Springs, Colorado",place,rate,4424.878111,2007,Property crime
"Colorado Springs, Colorado",place,rate,620.0710643,2014,Burglary
"Colorado Springs, Colorado",place,rate,369.9300369,2014,Motor vehicle theft
"Colorado Springs, Colorado",place,rate,132.19867,2010,Robbery
"Colorado Springs, Colorado",place,rate,247.2894165,2012,Aggravated assault
"Colorado Springs, Colorado",place,rate,82.81535184,2012,Forcible rape
"Colorado Springs, Colorado",place,rate,3177.658028,2007,Larceny
"Colorado Springs, Colorado",place,rate,6.136706949,2011,Murder and nonnegligent manslaughter
"Colorado Springs, Colorado",place,rate,75.29267372,2011,Forcible rape
"Colorado Springs, Colorado",place,rate,274.4504707,2010,Aggravated assault
"Colorado Springs, Colorado",place,rate,8395.251133,2011,All Crimes
"Colorado Springs, Colorado",place,rate,490.008117,2009,Violent crime
"Colorado Springs, Colorado",place,rate,270.3680647,2014,Aggravated assault
"Colorado Springs, Colorado",place,rate,3667.611344,2014,Property crime
"Colorado Springs, Colorado",place,rate,2677.610243,2014,Larceny
"Colorado Springs, Colorado",place,rate,9217.441551,2013,All Crimes
"Colorado Springs, Colorado",place,rate,10763.33508,2006,All Crimes
"Colorado Springs, Colorado",place,rate,28.54099994,2008,Arson
"Colorado Springs, Colorado",place,rate,120.9844386,2012,Robbery
"Colorado Springs, Colorado",place,rate,4140.536264,2012,Property crime
"Colorado Springs, Colorado",place,rate,899.0414981,2008,Burglary
"Colorado Springs, Colorado",place,rate,3665.848327,2009,Property crime
"Colorado Springs, Colorado",place,rate,3434.118793,2006,Larceny
"Colorado Springs, Colorado",place,rate,2871.077806,2013,Larceny
"Colorado Springs, Colorado",place,rate,296.5092771,2008,Aggravated assault
"Colorado Springs, Colorado",place,rate,95.84781751,2013,Robbery
"Colorado Springs, Colorado",place,rate,854.3755217,2013,Burglary
"Colorado Springs, Colorado",place,rate,842.2645141,2012,Burglary
"Colorado Springs, Colorado",place,rate,569.2569406,2006,Violent crime
"Colorado Springs, Colorado",place,rate,306.0580789,2007,Aggravated assault
"Colorado Springs, Colorado",place,rate,528.2727674,2008,Violent crime
"Colorado Springs, Colorado",place,rate,455.2531073,2012,Violent crime
"Colorado Springs, Colorado",place,rate,4.494897168,2014,Murder and nonnegligent manslaughter
"Colorado Springs, Colorado",place,rate,4246.002278,2008,Property crime
"Colorado Springs, Colorado",place,rate,474.7788656,2006,Motor vehicle theft
"Colorado Springs, Colorado",place,rate,275.6797583,2011,Motor vehicle theft
"Colorado Springs, Colorado",place,rate,25.25490937,2011,Arson
"Colorado Springs, Colorado",place,rate,822.9048916,2009,Burglary
"Colorado Springs, Colorado",place,rate,784.3183535,2011,Burglary
"Colorado Springs, Colorado",place,rate,397.4745531,2007,Motor vehicle theft
"Colorado Springs, Colorado",place,rate,9577.091091,2008,All Crimes
"Colorado Springs, Colorado",place,rate,297.0378142,2008,Motor vehicle theft
"Colorado Springs, Colorado",place,rate,136.8910923,2008,Robbery
"Colorado Springs, Colorado",place,rate,90.79692279,2014,Robbery
"Colorado Springs, Colorado",place,rate,247.4157777,2013,Aggravated assault
"Colorado Springs, Colorado",place,rate,2684.80929,2011,Larceny
"Colorado Springs, Colorado",place,rate,27.85084326,2015,Arson
"Colorado Springs, Colorado",place,rate,27.85084326,2015,Arson
"Colorado Springs, Colorado",place,rate,3560.770761,2016,Property crime
"Colorado Springs, Colorado",place,rate,96.09728665,2016,Rape (revised definition)
"Colorado Springs, Colorado",place,rate,24.99391312,2016,Arson
"Colorado Springs, Colorado",place,rate,94.15810374,2016,Robbery
"Colorado Springs, Colorado",place,rate,75.37410756,2015,Rape (revised definition)
"Colorado Springs, Colorado",place,rate,75.37410756,2015,Rape (revised definition)
"Colorado Springs, Colorado",place,rate,8200.526071,2015,All Crimes
"Colorado Springs, Colorado",place,rate,8200.526071,2015,All Crimes
"Colorado Springs, Colorado",place,rate,495.7844318,2016,Violent crime
"Colorado Springs, Colorado",place,rate,2732.698216,2015,Larceny
"Colorado Springs, Colorado",place,rate,2732.698216,2015,Larceny
"Colorado Springs, Colorado",place,rate,5.525960965,2015,Murder and nonnegligent manslaughter
"Colorado Springs, Colorado",place,rate,5.525960965,2015,Murder and nonnegligent manslaughter
"Colorado Springs, Colorado",place,rate,533.5867907,2015,Burglary
"Colorado Springs, Colorado",place,rate,533.5867907,2015,Burglary
"Colorado Springs, Colorado",place,rate,381.7333834,2015,Motor vehicle theft
"Colorado Springs, Colorado",place,rate,381.7333834,2015,Motor vehicle theft
"Colorado Springs, Colorado",place,rate,5.171154439,2016,Murder and nonnegligent manslaughter
"Colorado Springs, Colorado",place,rate,8138.104298,2016,All Crimes
"Colorado Springs, Colorado",place,rate,83.11045291,2015,Robbery
"Colorado Springs, Colorado",place,rate,83.11045291,2015,Robbery
"Colorado Springs, Colorado",place,rate,274.3087023,2015,Aggravated assault
"Colorado Springs, Colorado",place,rate,274.3087023,2015,Aggravated assault
"Colorado Springs, Colorado",place,rate,438.3192237,2015,Violent crime
"Colorado Springs, Colorado",place,rate,438.3192237,2015,Violent crime
"Colorado Springs, Colorado",place,rate,576.7991847,2016,Burglary
"Colorado Springs, Colorado",place,rate,300.357887,2016,Aggravated assault
"Colorado Springs, Colorado",place,rate,446.6584646,2016,Motor vehicle theft
"Colorado Springs, Colorado",place,rate,2537.313111,2016,Larceny
"Colorado Springs, Colorado",place,rate,3648.01839,2015,Property crime
"Colorado Springs, Colorado",place,rate,3648.01839,2015,Property crime
"Colorado Springs, Colorado",place,rate,7.217090069,2007,Murder and nonnegligent manslaughter
"Colorado Springs, Colorado",place,rate,3.980817766,2006,Murder and nonnegligent manslaughter
"Colorado Springs, Colorado",place,rate,6.342444431,2008,Murder and nonnegligent manslaughter
"Colorado Springs, Colorado",place,rate,5.026565398,2010,Murder and nonnegligent manslaughter
"Colorado Springs, Colorado",place,rate,5.96182597,2013,Murder and nonnegligent manslaughter
"Fort Worth, Texas",place,rate,49.90411281,2008,Forcible rape
"Fort Worth, Texas",place,rate,50.772561,2012,Forcible rape
"Fort Worth, Texas",place,rate,5.713536276,2012,Murder and nonnegligent manslaughter
"Fort Worth, Texas",place,rate,1285.815112,2008,Burglary
"Fort Worth, Texas",place,rate,29.02733546,2009,Arson
"Fort Worth, Texas",place,rate,4343.533557,2013,Property crime
"Fort Worth, Texas",place,rate,49.94833702,2007,Forcible rape
"Fort Worth, Texas",place,rate,11119.12818,2009,All Crimes
"Fort Worth, Texas",place,rate,3759.7078,2006,Larceny
"Fort Worth, Texas",place,rate,5036.750815,2008,Property crime
"Fort Worth, Texas",place,rate,584.9699222,2009,Violent crime
"Fort Worth, Texas",place,rate,1053.945642,2013,Burglary
"Fort Worth, Texas",place,rate,6.342469573,2011,Murder and nonnegligent manslaughter
"Fort Worth, Texas",place,rate,200.2886146,2009,Robbery
"Fort Worth, Texas",place,rate,11416.35001,2008,All Crimes
"Fort Worth, Texas",place,rate,12714.72469,2006,All Crimes
"Fort Worth, Texas",place,rate,6.083380332,2013,Murder and nonnegligent manslaughter
"Fort Worth, Texas",place,rate,1402.099253,2006,Burglary
"Fort Worth, Texas",place,rate,4222.043602,2012,Property crime
"Fort Worth, Texas",place,rate,1329.011645,2011,Burglary
"Fort Worth, Texas",place,rate,9827.06724,2013,All Crimes
"Fort Worth, Texas",place,rate,5683.348085,2006,Property crime
"Fort Worth, Texas",place,rate,560.1779389,2013,Violent crime
"Fort Worth, Texas",place,rate,327.455989,2009,Aggravated assault
"Fort Worth, Texas",place,rate,2988.492382,2011,Larceny
"Fort Worth, Texas",place,rate,521.5410314,2006,Motor vehicle theft
"Fort Worth, Texas",place,rate,1408.240446,2009,Burglary
"Fort Worth, Texas",place,rate,7.635348234,2006,Murder and nonnegligent manslaughter
"Fort Worth, Texas",place,rate,328.629275,2013,Aggravated assault
"Fort Worth, Texas",place,rate,322.6731395,2011,Motor vehicle theft
"Fort Worth, Texas",place,rate,388.9352896,2006,Aggravated assault
"Fort Worth, Texas",place,rate,314.7639076,2012,Motor vehicle theft
"Fort Worth, Texas",place,rate,587.4554117,2012,Violent crime
"Fort Worth, Texas",place,rate,178.180761,2010,Robbery
"Fort Worth, Texas",place,rate,603.7238224,2011,Violent crime
"Fort Worth, Texas",place,rate,243.2469042,2008,Robbery
"Fort Worth, Texas",place,rate,6.986575794,2008,Murder and nonnegligent manslaughter
"Fort Worth, Texas",place,rate,575.1353437,2010,Violent crime
"Fort Worth, Texas",place,rate,8.440141312,2010,Murder and nonnegligent manslaughter
"Fort Worth, Texas",place,rate,655.860831,2006,Violent crime
"Fort Worth, Texas",place,rate,2985.545635,2013,Larceny
"Fort Worth, Texas",place,rate,304.0422795,2013,Motor vehicle theft
"Fort Worth, Texas",place,rate,9634.320693,2012,All Crimes
"Fort Worth, Texas",place,rate,2811.059848,2012,Larceny
"Fort Worth, Texas",place,rate,4960.080502,2009,Property crime
"Fort Worth, Texas",place,rate,4640.177166,2011,Property crime
"Fort Worth, Texas",place,rate,364.75735,2012,Aggravated assault
"Fort Worth, Texas",place,rate,241.5412119,2007,Robbery
"Fort Worth, Texas",place,rate,400.3321937,2007,Motor vehicle theft
"Fort Worth, Texas",place,rate,18.89527394,2011,Arson
"Fort Worth, Texas",place,rate,366.9339027,2007,Aggravated assault
"Fort Worth, Texas",place,rate,667.0712233,2007,Violent crime
"Fort Worth, Texas",place,rate,33.84558956,2007,Arson
"Fort Worth, Texas",place,rate,1343.088418,2007,Burglary
"Fort Worth, Texas",place,rate,19.64424899,2013,Arson
"Fort Worth, Texas",place,rate,3359.544874,2008,Larceny
"Fort Worth, Texas",place,rate,42.60261805,2010,Forcible rape
"Fort Worth, Texas",place,rate,36.30685997,2006,Arson
"Fort Worth, Texas",place,rate,12306.22654,2007,All Crimes
"Fort Worth, Texas",place,rate,345.9118233,2010,Aggravated assault
"Fort Worth, Texas",place,rate,18.48792859,2010,Arson
"Fort Worth, Texas",place,rate,391.3908276,2008,Motor vehicle theft
"Fort Worth, Texas",place,rate,10570.8081,2010,All Crimes
"Fort Worth, Texas",place,rate,1252.892088,2010,Burglary
"Fort Worth, Texas",place,rate,8.647771782,2007,Murder and nonnegligent manslaughter
"Fort Worth, Texas",place,rate,6.081917905,2009,Murder and nonnegligent manslaughter
"Fort Worth, Texas",place,rate,46.24717397,2011,Forcible rape
"Fort Worth, Texas",place,rate,656.0252087,2008,Violent crime
"Fort Worth, Texas",place,rate,294.6965676,2009,Motor vehicle theft
"Fort Worth, Texas",place,rate,3257.143489,2009,Larceny
"Fort Worth, Texas",place,rate,66.2834982,2013,Rape (revised definition)
"Fort Worth, Texas",place,rate,1096.219846,2012,Burglary
"Fort Worth, Texas",place,rate,220.8018051,2006,Robbery
"Fort Worth, Texas",place,rate,159.1817853,2013,Robbery
"Fort Worth, Texas",place,rate,3118.029348,2010,Larceny
"Fort Worth, Texas",place,rate,30.79796676,2008,Arson
"Fort Worth, Texas",place,rate,10506.69725,2011,All Crimes
"Fort Worth, Texas",place,rate,15.32266547,2012,Arson
"Fort Worth, Texas",place,rate,383.7194091,2011,Aggravated assault
"Fort Worth, Texas",place,rate,51.14340057,2009,Forcible rape
"Fort Worth, Texas",place,rate,355.8876159,2008,Aggravated assault
"Fort Worth, Texas",place,rate,4701.02474,2010,Property crime
"Fort Worth, Texas",place,rate,3725.698643,2007,Larceny
"Fort Worth, Texas",place,rate,38.48838804,2006,Forcible rape
"Fort Worth, Texas",place,rate,5469.119254,2007,Property crime
"Fort Worth, Texas",place,rate,167.4147698,2011,Robbery
"Fort Worth, Texas",place,rate,330.1033047,2010,Motor vehicle theft
"Fort Worth, Texas",place,rate,166.2119644,2012,Robbery
"Fort Worth, Texas",place,rate,17.11398031,2015,Arson
"Fort Worth, Texas",place,rate,17.11398031,2015,Arson
"Fort Worth, Texas",place,rate,6.749175335,2015,Murder and nonnegligent manslaughter
"Fort Worth, Texas",place,rate,6.749175335,2015,Murder and nonnegligent manslaughter
"Fort Worth, Texas",place,rate,2589.875514,2015,Larceny
"Fort Worth, Texas",place,rate,2589.875514,2015,Larceny
"Fort Worth, Texas",place,rate,526.2669792,2016,Violent crime
"Fort Worth, Texas",place,rate,338.1818927,2015,Aggravated assault
"Fort Worth, Texas",place,rate,338.1818927,2015,Aggravated assault
"Fort Worth, Texas",place,rate,58.57845698,2016,Rape (revised definition)
"Fort Worth, Texas",place,rate,136.7613274,2016,Robbery
"Fort Worth, Texas",place,rate,280.0965899,2016,Motor vehicle theft
"Fort Worth, Texas",place,rate,624.0542631,2016,Burglary
"Fort Worth, Texas",place,rate,323.1793428,2016,Aggravated assault
"Fort Worth, Texas",place,rate,118.2310894,2015,Robbery
"Fort Worth, Texas",place,rate,118.2310894,2015,Robbery
"Fort Worth, Texas",place,rate,7.747852025,2016,Murder and nonnegligent manslaughter
"Fort Worth, Texas",place,rate,8239.296832,2015,All Crimes
"Fort Worth, Texas",place,rate,8239.296832,2015,All Crimes
"Fort Worth, Texas",place,rate,2397.373243,2016,Larceny
"Fort Worth, Texas",place,rate,62.18882987,2015,Rape (revised definition)
"Fort Worth, Texas",place,rate,62.18882987,2015,Rape (revised definition)
"Fort Worth, Texas",place,rate,3585.740439,2015,Property crime
"Fort Worth, Texas",place,rate,3585.740439,2015,Property crime
"Fort Worth, Texas",place,rate,3301.524096,2016,Property crime
"Fort Worth, Texas",place,rate,7672.016989,2016,All Crimes
"Fort Worth, Texas",place,rate,16.43483763,2016,Arson
"Fort Worth, Texas",place,rate,723.7285337,2015,Burglary
"Fort Worth, Texas",place,rate,723.7285337,2015,Burglary
"Fort Worth, Texas",place,rate,525.3509872,2015,Violent crime
"Fort Worth, Texas",place,rate,525.3509872,2015,Violent crime
"Fort Worth, Texas",place,rate,272.1363912,2015,Motor vehicle theft
"Fort Worth, Texas",place,rate,272.1363912,2015,Motor vehicle theft
"Fort Worth, Texas",place,rate,309.9411387,2017,Motor vehicle theft
"Fort Worth, Texas",place,rate,339.7211446,2017,Aggravated assault
"Fort Worth, Texas",place,rate,65.1723976,2017,Rape (revised definition)
"Fort Worth, Texas",place,rate,107568.3594,2017,All Crimes
"Fort Worth, Texas",place,rate,8.017693905,2017,Murder and nonnegligent manslaughter
"Fort Worth, Texas",place,rate,560.207727,2017,Violent crime
"Fort Worth, Texas",place,rate,3215.324333,2017,Property crime
"Fort Worth, Texas",place,rate,2319.404308,2017,Larceny
"Fort Worth, Texas",place,rate,17.29531114,2017,Arson
"Fort Worth, Texas",place,rate,585.978886,2017,Burglary
"Fort Worth, Texas",place,rate,147.2964909,2017,Robbery
"Fort Worth, Texas",place,rate,501.4791509,2018,Violent crime
"Fort Worth, Texas",place,rate,6.489466924,2018,Murder and nonnegligent manslaughter
"Fort Worth, Texas",place,rate,332.5292362,2018,Motor vehicle theft
"Fort Worth, Texas",place,rate,53.92970788,2018,Rape (revised definition)
"Fort Worth, Texas",place,rate,124.8662946,2018,Robbery
"Fort Worth, Texas",place,rate,2009.161337,2018,Larceny
"Fort Worth, Texas",place,rate,15.44045578,2018,Arson
"Fort Worth, Texas",place,rate,503.9406728,2018,Burglary
"Fort Worth, Texas",place,rate,2845.631246,2018,Property crime
"Fort Worth, Texas",place,rate,316.1936815,2018,Aggravated assault
"Fort Worth, Texas",place,rate,106709.6612,2018,All Crimes
"Norfolk, Virginia",place,rate,3.262775807,2017,Arson
"Norfolk, Virginia",place,rate,5.729556737,2018,Arson
"Norfolk, Virginia",place,rate,8.13888188,2016,Arson
"Norfolk, Virginia",place,rate,10.11826225,2014,Arson
"Norfolk, Virginia",place,rate,11.32214328,2013,Murder and nonnegligent manslaughter
"Norfolk, Virginia",place,rate,301.1409943,2015,Aggravated assault
"Norfolk, Virginia",place,rate,11.80281965,2011,Murder and nonnegligent manslaughter
"Norfolk, Virginia",place,rate,11.91149757,2008,Murder and nonnegligent manslaughter
"Norfolk, Virginia",place,rate,11.95222525,2006,Murder and nonnegligent manslaughter
"Norfolk, Virginia",place,rate,12.54664519,2014,Murder and nonnegligent manslaughter
"Norfolk, Virginia",place,rate,13.86040937,2012,Murder and nonnegligent manslaughter
"Norfolk, Virginia",place,rate,14.46211564,2009,Murder and nonnegligent manslaughter
"Norfolk, Virginia",place,rate,14.52370782,2010,Murder and nonnegligent manslaughter
"Norfolk, Virginia",place,rate,14.68249113,2017,Murder and nonnegligent manslaughter
"Norfolk, Virginia",place,rate,14.73314589,2018,Murder and nonnegligent manslaughter
"Norfolk, Virginia",place,rate,15.46576368,2011,Arson
"Norfolk, Virginia",place,rate,15.79619399,2007,Arson
"Norfolk, Virginia",place,rate,17.38757718,2013,Arson
"Norfolk, Virginia",place,rate,17.86496638,2009,Arson
"Norfolk, Virginia",place,rate,18.71942832,2016,Murder and nonnegligent manslaughter
"Norfolk, Virginia",place,rate,21.06159199,2007,Murder and nonnegligent manslaughter
"Norfolk, Virginia",place,rate,21.35839385,2010,Arson
"Norfolk, Virginia",place,rate,23.64422775,2012,Arson
"Norfolk, Virginia",place,rate,24.24840577,2008,Arson
"Norfolk, Virginia",place,rate,8431.132844,2015,All Crimes
"Norfolk, Virginia",place,rate,30.57443244,2012,Forcible rape
"Norfolk, Virginia",place,rate,32.44175425,2006,Arson
"Norfolk, Virginia",place,rate,32.96649627,2011,Forcible rape
"Norfolk, Virginia",place,rate,36.58531397,2008,Forcible rape
"Norfolk, Virginia",place,rate,38.44510893,2010,Forcible rape
"Norfolk, Virginia",place,rate,42.56196715,2007,Forcible rape
"Norfolk, Virginia",place,rate,42.68651874,2006,Forcible rape
"Norfolk, Virginia",place,rate,43.38634691,2009,Forcible rape
"Norfolk, Virginia",place,rate,11.40994295,2015,Arson
"Norfolk, Virginia",place,rate,47.88272416,2018,Rape (revised definition)
"Norfolk, Virginia",place,rate,49.37711978,2014,Rape (revised definition)
"Norfolk, Virginia",place,rate,53.30967632,2016,Rape (revised definition)
"Norfolk, Virginia",place,rate,54.18454285,2013,Rape (revised definition)
"Norfolk, Virginia",place,rate,55.05934173,2017,Rape (revised definition)
"Norfolk, Virginia",place,rate,131.3705509,2018,Robbery
"Norfolk, Virginia",place,rate,151.311228,2017,Robbery
"Norfolk, Virginia",place,rate,447.0252649,2015,Burglary
"Norfolk, Virginia",place,rate,158.6543521,2014,Robbery
"Norfolk, Virginia",place,rate,167.4059757,2013,Robbery
"Norfolk, Virginia",place,rate,198.995662,2016,Robbery
"Norfolk, Virginia",place,rate,200.1606177,2012,Robbery
"Norfolk, Virginia",place,rate,203.5794365,2014,Motor vehicle theft
"Norfolk, Virginia",place,rate,217.3081462,2016,Motor vehicle theft
"Norfolk, Virginia",place,rate,254.3711132,2011,Robbery
"Norfolk, Virginia",place,rate,254.5920547,2010,Robbery
"Norfolk, Virginia",place,rate,267.9744956,2009,Robbery
"Norfolk, Virginia",place,rate,270.1076747,2018,Aggravated assault
"Norfolk, Virginia",place,rate,280.4187152,2011,Aggravated assault
"Norfolk, Virginia",place,rate,287.705599,2018,Burglary
"Norfolk, Virginia",place,rate,292.8341286,2017,Motor vehicle theft
"Norfolk, Virginia",place,rate,296.3681651,2012,Motor vehicle theft
"Norfolk, Virginia",place,rate,297.4769101,2014,Aggravated assault
"Norfolk, Virginia",place,rate,298.4064606,2012,Aggravated assault
"Norfolk, Virginia",place,rate,3063.569682,2015,Larceny
"Norfolk, Virginia",place,rate,309.6967108,2010,Aggravated assault
"Norfolk, Virginia",place,rate,310.1458535,2013,Motor vehicle theft
"Norfolk, Virginia",place,rate,319.4901182,2011,Motor vehicle theft
"Norfolk, Virginia",place,rate,322.4921935,2018,Motor vehicle theft
"Norfolk, Virginia",place,rate,327.832464,2006,Aggravated assault
"Norfolk, Virginia",place,rate,330.0765216,2009,Aggravated assault
"Norfolk, Virginia",place,rate,334.7981639,2008,Aggravated assault
"Norfolk, Virginia",place,rate,334.8423671,2017,Aggravated assault
"Norfolk, Virginia",place,rate,340.473023,2013,Aggravated assault
"Norfolk, Virginia",place,rate,381.3025717,2007,Aggravated assault
"Norfolk, Virginia",place,rate,386.5968893,2016,Aggravated assault
"Norfolk, Virginia",place,rate,393.8487826,2010,Motor vehicle theft
"Norfolk, Virginia",place,rate,399.2926815,2007,Robbery
"Norfolk, Virginia",place,rate,404.0885252,2009,Motor vehicle theft
"Norfolk, Virginia",place,rate,404.6681977,2006,Robbery
"Norfolk, Virginia",place,rate,442.6591994,2006,Motor vehicle theft
"Norfolk, Virginia",place,rate,446.681159,2008,Robbery
"Norfolk, Virginia",place,rate,157.7017115,2015,Motor vehicle theft
"Norfolk, Virginia",place,rate,450.630312,2007,Motor vehicle theft
"Norfolk, Virginia",place,rate,464.0940957,2018,Violent crime
"Norfolk, Virginia",place,rate,471.471104,2017,Burglary
"Norfolk, Virginia",place,rate,474.0898695,2016,Burglary
"Norfolk, Virginia",place,rate,474.3328498,2008,Motor vehicle theft
"Norfolk, Virginia",place,rate,518.0550272,2014,Violent crime
"Norfolk, Virginia",place,rate,531.0064028,2014,Burglary
"Norfolk, Virginia",place,rate,11.40994295,2015,Murder and nonnegligent manslaughter
"Norfolk, Virginia",place,rate,543.0019201,2012,Violent crime
"Norfolk, Virginia",place,rate,555.895428,2017,Violent crime
"Norfolk, Virginia",place,rate,573.3856848,2013,Violent crime
"Norfolk, Virginia",place,rate,579.5591443,2011,Violent crime
"Norfolk, Virginia",place,rate,617.2575822,2010,Violent crime
"Norfolk, Virginia",place,rate,655.8994798,2009,Violent crime
"Norfolk, Virginia",place,rate,657.6216559,2016,Violent crime
"Norfolk, Virginia",place,rate,688.9604125,2006,Burglary
"Norfolk, Virginia",place,rate,743.2986841,2007,Burglary
"Norfolk, Virginia",place,rate,787.1394056,2006,Violent crime
"Norfolk, Virginia",place,rate,794.6670524,2008,Burglary
"Norfolk, Virginia",place,rate,824.4946483,2013,Burglary
"Norfolk, Virginia",place,rate,829.9761345,2008,Violent crime
"Norfolk, Virginia",place,rate,844.2188124,2007,Violent crime
"Norfolk, Virginia",place,rate,883.8904792,2009,Burglary
"Norfolk, Virginia",place,rate,918.1779702,2011,Burglary
"Norfolk, Virginia",place,rate,921.7172232,2012,Burglary
"Norfolk, Virginia",place,rate,921.8282785,2010,Burglary
"Norfolk, Virginia",place,rate,3668.296659,2015,Property crime
"Norfolk, Virginia",place,rate,2853.319255,2018,Larceny
"Norfolk, Virginia",place,rate,2984.624169,2017,Larceny
"Norfolk, Virginia",place,rate,44.00977995,2015,Rape (revised definition)
"Norfolk, Virginia",place,rate,3182.800573,2014,Larceny
"Norfolk, Virginia",place,rate,3222.183336,2016,Larceny
"Norfolk, Virginia",place,rate,3237.324254,2013,Larceny
"Norfolk, Virginia",place,rate,3425.55941,2012,Larceny
"Norfolk, Virginia",place,rate,3463.517047,2018,Property crime
"Norfolk, Virginia",place,rate,3748.929402,2017,Property crime
"Norfolk, Virginia",place,rate,3751.261681,2011,Larceny
"Norfolk, Virginia",place,rate,3855.446373,2006,Larceny
"Norfolk, Virginia",place,rate,3859.975516,2007,Larceny
"Norfolk, Virginia",place,rate,3913.581352,2016,Property crime
"Norfolk, Virginia",place,rate,3917.386412,2014,Property crime
"Norfolk, Virginia",place,rate,3918.882702,2008,Larceny
"Norfolk, Virginia",place,rate,4216.132065,2009,Larceny
"Norfolk, Virginia",place,rate,4305.425032,2010,Larceny
"Norfolk, Virginia",place,rate,4371.964756,2013,Property crime
"Norfolk, Virginia",place,rate,4643.644798,2012,Property crime
"Norfolk, Virginia",place,rate,4987.065985,2006,Property crime
"Norfolk, Virginia",place,rate,4988.929769,2011,Property crime
"Norfolk, Virginia",place,rate,5053.904512,2007,Property crime
"Norfolk, Virginia",place,rate,5187.882604,2008,Property crime
"Norfolk, Virginia",place,rate,5504.111069,2009,Property crime
"Norfolk, Virginia",place,rate,5621.102093,2010,Property crime
"Norfolk, Virginia",place,rate,185.004075,2015,Robbery
"Norfolk, Virginia",place,rate,8881.001141,2014,All Crimes
"Norfolk, Virginia",place,rate,541.5647922,2015,Violent crime
"Norfolk, Virginia",place,rate,9150.544898,2016,All Crimes
"Norfolk, Virginia",place,rate,9908.088458,2013,All Crimes
"Norfolk, Virginia",place,rate,10396.93766,2012,All Crimes
"Norfolk, Virginia",place,rate,11152.44359,2011,All Crimes
"Norfolk, Virginia",place,rate,11580.85254,2006,All Crimes
"Norfolk, Virginia",place,rate,11812.04284,2007,All Crimes
"Norfolk, Virginia",place,rate,12059.96588,2008,All Crimes
"Norfolk, Virginia",place,rate,12337.88606,2009,All Crimes
"Norfolk, Virginia",place,rate,12498.07774,2010,All Crimes
"Norfolk, Virginia",place,rate,107860.9518,2018,All Crimes
"Norfolk, Virginia",place,rate,108612.9124,2017,All Crimes
,,,,,
